"danceability","energy","acousticness","tempo","loudness"
0.763,0.777,0.281,124.431,-6.932
0.608,0.787,0.000337,113.796,-6.703
0.749,0.872,0.354,105.994,-3.461
0.545,0.684,0.637,123.847,-10.036
0.662,0.512,0.416,149.679,-7.881
0.549,0.721,0.091,143.931,-4.795
0.741,0.754,0.151,98.929,-5.899
0.722,0.859,0.079,113.332,-7.741
0.822,0.7,0.141,120.376,-6.383
0.356,0.331,0.445,111.995,-11.065
0.418,0.701,0.00809,79.022,-13.222
0.746,0.497,0.00944,160.051,-5.785
0.668,0.668,0.0833,127.976,-9.715
0.581,0.982,0.723,120.438,-6.188
0.451,0.63,0.755,142.619,-8.683
0.467,0.255,0.605,120.174,-15.963
0.603,0.82,0.00252,152.057,-4.587
0.451,0.359,0.847,76.015,-8.567
0.753,0.79,0.00184,127.991,-6.783
0.396,0.355,0.726,123.275,-12.773
0.57,0.625,0.0796,123.551,-10.742
0.742,0.384,0.000425,123.674,-17.412
0.753,0.975,0.00223,122.001,-4.621
0.344,0.722,0.522,73.019,-5.854
0.651,0.488,0.212,113.038,-8.22
0.451,0.653,0.493,78.064,-14.27
0.581,0.57,0.805,97.088,-10.029
0.601,0.857,0.0185,137.915,-5.944
0.539,0.273,0.675,114.433,-11.254
0.666,0.825,0.163,138.215,-6.294
0.919,0.622,0.228,140.022,-7.384
0.524,0.878,0.0012,130.989,-3.108
0.563,0.523,0.54,134.553,-10.685
0.706,0.751,0.173,91.031,-6.323
0.679,0.772,0.557,118.129,-8.946
0.529,0.218,0.804,101.735,-16.522
0.469,0.899,0.0119,79.553,-3.847
0.71,0.511,0.145,86.995,-6.442
0.499,0.637,0.405,169.119,-5.784
0.554,0.89,0.298,87.122,-9.931
0.864,0.549,0.781,105.045,-9.741
0.732,0.707,0.0348,140.04,-5.849
0.544,0.552,0.67,159.738,-7.45
0.478,0.915,0.284,192.084,-11.985
0.926,0.336,0.0392,92.995,-9.326
0.609,0.674,0.00378,127.541,-6.506
0.417,0.406,0.132,102.458,-9.005
0.573,0.524,0.0388,117.453,-16.128
0.525,0.477,0.266,122.887,-9.874
0.657,0.513,0.199,101.815,-8.514
0.768,0.809,0.278,111.989,-4.204
0.67,0.676,0.0201,114.974,-4.725
0.594,0.824,0.0617,116.005,-4.252
0.441,0.926,0.423,147.564,-4.736
0.347,0.4,0.63,77.987,-7.359
0.373,0.947,0.00712,152.183,-7.074
0.415,0.851,0.00474,125.961,-5.425
0.731,0.918,0.00771,120.398,-6.627
0.459,0.746,0.0779,93.3,-14.327
0.602,0.923,0.0098,136.01,-3.763
0.48,0.798,0.164,169.518,-9.936
0.537,0.532,0.596,78.336,-11.289
0.544,0.802,0.00155,130.022,-4.152
0.677,0.661,0.114,98.309,-5.136
0.583,0.66,0.181,151.956,-5.078
0.774,0.811,0.65,123.351,-6.526
0.69,0.578,0.111,124.493,-8.471
0.375,0.855,0.305,125.351,-6.792
0.681,0.638,0.699,96.882,-7.818
0.537,0.469,0.6,136.536,-7.941
0.615,0.529,0.0133,143.992,-11.25
0.809,0.931,0.0104,128.294,-7.101
0.26,0.659,0.116,184.38,-8.98
0.692,0.729,0.0127,127.967,-5.12
0.662,0.869,0.157,112.297,-7.753
0.265,0.775,0.299,164.528,-5.524
0.589,0.751,0.0785,108.849,-5.663
0.488,0.716,0.532,156.06,-5.327
0.461,0.802,0.0105,100.179,-4.279
0.535,0.58,0.272,106.663,-8.824
0.429,0.413,0.669,149.312,-9.566
0.44,0.573,0.581,178.192,-5.42
0.712,0.694,0.05,114.975,-6.621
0.604,0.417,0.0681,74.57,-12.598
0.522,0.44,0.434,97.475,-13.258
0.844,0.62,0.109,124.163,-12.739
0.691,0.873,0.125,99.997,-3.519
0.622,0.593,0.00611,75.025,-6.779
0.606,0.524,0.663,150.366,-11.902
0.679,0.684,0.0527,151.748,-8.559
0.652,0.366,0.5,137.264,-11.492
0.772,0.43,0.067,134.561,-14.602
0.636,0.826,0.632,87.665,-4.668
0.39,0.557,0.452,79.34,-6.344
0.847,0.678,0.0669,97.984,-8.635
0.753,0.824,0.000937,117.95,-4.301
0.764,0.716,0.748,129.639,-5.975
0.847,0.322,0.239,114.557,-12.922
0.624,0.845,0.301,98.361,-6.705
0.64,0.786,0.0762,130.128,-6.905
0.842,0.641,0.0249,117.194,-8.826
0.599,0.887,0.0192,170.918,-3.967
0.523,0.93,0.389,117.265,-6.994
0.748,0.638,0.0246,117.125,-11.974
0.75,0.586,0.381,137.194,-8.985
0.582,0.728,0.174,150.013,-6.151
0.634,0.668,0.14,80.989,-5.488
0.808,0.812,0.52,100.331,-5.012
0.558,0.781,0.113,135.018,-8.799
0.612,0.324,0.406,90.866,-14.717
0.317,0.764,0.000294,101.173,-7.076
0.267,0.0927,0.941,87.961,-15.469
0.342,0.359,0.8,128.156,-12.21
0.81,0.582,0.0862,95.004,-5.098
0.394,0.361,0.176,201.109,-9.246
0.557,0.511,0.254,156.042,-6.788
0.537,0.958,0.0945,129.909,-3.993
0.385,0.306,0.452,173.377,-12.167
0.483,0.503,0.354,151.862,-9.396
0.531,0.56,0.312,110.042,-8.312
0.378,0.609,0.498,123.7,-6.07
0.512,0.813,0.463,153.751,-12.533
0.328,0.486,0.000896,117.81,-12.154
0.217,0.221,0.86,84.568,-10.496
0.503,0.492,0.61,74.967,-7.607
0.375,0.48,0.673,205.488,-8.254
0.418,0.537,0.0389,127.205,-8.772
0.487,0.382,0.0422,116.557,-10.889
0.585,0.303,0.694,136.703,-10.058
0.708,0.627,0.0113,107.248,-11.155
0.733,0.566,0.0966,141.94,-12.06
0.63,0.661,0.2,156.005,-5.11
0.896,0.659,0.00655,96.897,-7.483
0.586,0.909,0.0891,93.394,-6.474
0.517,0.469,0.678,123.458,-12.904
0.407,0.267,0.512,149.424,-12.054
0.875,0.603,0.319,109.668,-11.995
0.53,0.433,0.108,160.14,-10.598
0.763,0.628,0.0531,140.958,-5.85
0.906,0.831,0.0246,105.623,-3.975
0.503,0.378,0.552,124.496,-11.533
0.712,0.411,0.216,113.271,-14.455
0.602,0.413,0.157,92.557,-15.782
0.49,0.331,0.524,142.623,-11.04
0.575,0.756,0.735,127.434,-9.414
0.751,0.572,0.481,115.839,-12.324
0.63,0.791,0.0131,102.963,-4.497
0.333,0.637,0.131,139.898,-4.904
0.715,0.624,0.11,158.087,-3.046
0.229,0.5,0.166,96.022,-6.769
0.546,0.627,0.316,81.278,-9.037
0.607,0.914,0.0163,95.257,-2.951
0.693,0.624,0.299,105.002,-7.482
0.544,0.246,0.824,96.118,-15.127
0.694,0.476,0.672,122.179,-8.389
0.622,0.872,0.0421,149.959,-2.272
0.378,0.638,0.02,184.086,-5.576
0.534,0.615,0.631,117.09,-10.336
0.481,0.894,0.00602,140.9,-7.213
0.504,0.705,0.00121,108.965,-6.179
0.672,0.817,0.734,103.932,-6.989
0.392,0.579,0.612,169.684,-8.869
0.579,0.271,0.744,123.323,-17.374
0.598,0.879,0.53,167.175,-4.661
0.838,0.942,0.0718,79.935,-2.353
0.608,0.956,0.413,147.778,-5.083
0.698,0.922,0.129,126.594,-3.359
0.484,0.525,0.581,168.236,-8.92
0.552,0.325,0.259,111.937,-14.908
0.514,0.403,0.77,112.532,-14.822
0.821,0.648,0.000269,131.63,-11.947
0.574,0.618,0.0122,92.024,-11.135
0.441,0.527,0.172,96.37,-5.318
0.874,0.706,0.182,89.968,-5.132
0.821,0.774,0.177,93.425,-3.418
0.654,0.707,0.00559,127.97,-5.661
0.511,0.471,0.611,78.726,-9.31
0.783,0.662,0.126,96.987,-6.124
0.67,0.622,0.103,136.72,-13.039
0.669,0.651,0.472,148.091,-5.79
0.625,0.651,0.0454,98.857,-7.115
0.494,0.804,0.00328,157.877,-5.759
0.74,0.879,0.193,103.71,-2.251
0.68,0.23,0.745,132.796,-13.942
0.657,0.768,0.108,75.025,-4.628
0.31,0.7,0.011,188.386,-5.678
0.319,0.555,0.0603,105.314,-9.392
0.414,0.537,0.0125,151.475,-11.445
0.66,0.733,0.0336,99.358,-13.691
0.63,0.698,0.173,94.023,-4.51
0.879,0.662,0.033,117.975,-6.162
0.74,0.613,0.258,75.023,-4.88
0.493,0.429,0.326,106.8,-11.577
0.403,0.72,0.0327,176.385,-9.841
0.799,0.583,0.554,132.249,-17.629
0.377,0.38,0.717,79.912,-9.121
0.396,0.629,0.0328,173.794,-4.78
0.665,0.787,0.308,167.349,-5.73
0.586,0.886,0.425,150.067,-5.247
0.61,0.0316,0.896,151.964,-15.186
0.485,0.641,0.704,168.645,-8.752
0.675,0.951,0.0465,136.042,-2.559
0.623,0.837,0.583,82.775,-10.538
0.898,0.271,0.0135,111.485,-12.238
0.414,0.837,0.00114,121.749,-4.043
0.634,0.886,0.154,93.04,-5.424
0.692,0.641,0.265,121.276,-9.621
0.868,0.799,0.234,117.48,-7.133
0.671,0.626,0.563,123.89,-5.692
0.661,0.598,0.187,151.538,-6.967
0.733,0.624,0.623,114.584,-9.849
0.311,0.744,0.00998,179.076,-4.615
0.697,0.342,0.745,112.784,-14.471
0.704,0.472,0.596,117.931,-12.508
0.546,0.934,0.284,115.641,-6.427
0.553,0.502,0.299,129.976,-5.972
0.682,0.573,0.0114,106.485,-17.147
0.722,0.697,0.239,120.132,-7.083
0.921,0.615,0.042,129.411,-12.172
0.532,0.457,0.714,117.945,-12.014
0.732,0.705,0.626,117.925,-9.271
0.504,0.848,0.00634,76.965,-4.388
0.599,0.618,0.223,174.244,-10.795
0.747,0.496,0.341,105.107,-11.314
0.755,0.644,0.0172,147.019,-2.464
0.651,0.866,0.0517,149.258,-9.069
0.74,0.641,0.245,100.252,-6.87
0.686,0.806,0.317,191.767,-6.828
0.798,0.583,0.28,118.157,-11.257
0.242,0.831,0.0242,190.078,-5.556
0.644,0.411,0.748,81.353,-9.897
0.552,0.741,0.00699,148.996,-7.388
0.48,0.889,0.334,189.163,-4.542
0.632,0.791,0.195,92.854,-6.856
0.558,0.271,0.647,123.158,-12.951
0.613,0.289,0.743,144.188,-16.529
0.628,0.27,0.78,126.676,-14.47
0.584,0.524,0.335,143.863,-6.001
0.737,0.709,0.333,125.997,-6.889
0.39,0.724,0.162,165.945,-7.607
0.518,0.543,0.834,104.528,-10.766
0.676,0.463,0.309,121.923,-13.155
0.597,0.579,0.45,109.789,-12.394
0.651,0.732,0.0164,85.023,-8.037
0.614,0.934,0.0697,116.001,-3.709
0.489,0.483,0.42,136.822,-9.466
0.652,0.453,0.0519,88.038,-6.119
0.649,0.834,0.66,134.017,-10.97
0.621,0.882,0.000255,126.811,-6.05
0.565,0.412,0.298,83.19,-14.092
0.711,0.827,0.183,130.022,-4.9
0.433,0.488,0.694,202.287,-8.514
0.335,0.625,0.164,150.277,-7.462
0.65,0.299,0.605,123.597,-10.76
0.78,0.714,0.119,125.924,-4.155
0.71,0.533,0.0386,107.846,-17.34
0.786,0.944,0.386,113.939,-7.018
0.711,0.292,0.313,103.951,-15.523
0.594,0.542,0.771,117.622,-8.604
0.542,0.522,0.756,150.245,-9.762
0.434,0.592,0.28,94.516,-9.369
0.506,0.827,0.000214,126.815,-8.788
0.715,0.188,0.457,116.575,-17.773
0.54,0.621,0.00292,130.202,-13.165
0.551,0.664,0.000561,125.221,-11.786
0.375,0.856,5.31e-05,117.109,-6.113
0.564,0.312,0.165,139.683,-13.583
0.724,0.416,0.365,151.181,-8.964
0.826,0.67,0.00798,74.007,-5.559
0.7,0.774,0.2,90,-4.983
0.512,0.532,0.475,147.473,-3.28
0.696,0.521,0.189,134.28,-6.635
0.242,0.91,0.0679,193.886,-5.19
0.478,0.32,0.92,96.15,-8.987
0.404,0.98,0.000193,177.793,-4.038
0.554,0.716,0.519,91.181,-8.306
0.431,0.894,0.0951,162.193,-2.673
0.777,0.581,0.154,123.1,-10.129
0.686,0.497,0.967,118.871,-10.422
0.511,0.824,0.177,140.4,-4.989
0.733,0.71,0.145,127.975,-5.849
0.434,0.75,0.0107,159.824,-3.53
0.483,0.412,0.737,170.163,-8.461
0.886,0.276,0.286,112.511,-11.435
0.436,0.565,0.0557,112.169,-7.268
0.562,0.602,0.557,141.598,-9.731
0.663,0.585,0.00522,133.497,-9.256
0.577,0.436,0.411,163.928,-10.988
0.454,0.251,0.84,97.154,-14.053
0.483,0.349,0.686,82.05,-16.105
0.489,0.757,0.00981,168.004,-4.062
0.464,0.822,0.0568,79.973,-1.881
0.323,0.311,0.643,166.943,-12.671
0.566,0.507,0.535,158.119,-6.973
0.685,0.884,0.123,79.903,-3.072
0.571,0.316,0.216,125.326,-12.901
0.48,0.729,0.0129,137.232,-4.398
0.56,0.713,0.168,123.313,-11.686
0.479,0.892,0.000295,156.086,-5.167
0.535,0.797,0.48,148.835,-7.533
0.482,0.617,0.00543,125.697,-12.931
0.512,0.52,0.428,141.83,-8.686
0.434,0.722,0.735,137.936,-9.637
0.885,0.492,0.00172,156.958,-6.015
0.619,0.652,0.787,108.486,-11.683
0.759,0.699,0.202,92.96,-5.745
0.734,0.57,0.847,129.953,-7.066
0.476,0.194,0.603,145.945,-20.311
0.611,0.668,0.0705,125.264,-10.164
0.294,0.552,0.625,77.315,-10.176
0.865,0.69,0.289,121.983,-7.448
0.202,0.886,0.0286,145.781,-3.805
0.675,0.625,0.656,126.359,-8.555
0.608,0.55,0.792,146.143,-11.913
0.351,0.444,0.835,173.632,-14.463
0.461,0.658,0.0284,89.673,-5.039
0.339,0.574,0.863,68.95,-6.636
0.57,0.817,0.000502,113.466,-8.35
0.715,0.809,0.0607,76.493,-5.598
0.57,0.671,0.0335,121.401,-4.954
0.515,0.841,0.00647,135.925,-4.983
0.658,0.474,0.625,115.816,-11.855
0.458,0.724,0.0674,90.508,-8.547
0.923,0.768,0.119,94.013,-7.321
0.509,0.627,0.586,80.74,-5.982
0.573,0.747,0.519,79.952,-6.46
0.669,0.684,0.252,96.097,-4.595
0.545,0.932,0.000665,92.956,-2.189
0.549,0.54,0.0399,139.714,-5.76
0.812,0.834,0.0663,106.425,-7.722
0.509,0.365,0.274,87.762,-11.75
0.652,0.854,0.00573,123.853,-10.061
0.595,0.477,0.274,98.998,-8.791
0.81,0.784,0.181,91.024,-4.558
0.661,0.432,0.605,89.668,-9.282
0.466,0.632,0.465,68.893,-6.94
0.621,0.469,0.22,144.665,-10.438
0.792,0.454,0.00746,108.415,-6.098
0.301,0.163,0.843,87.23,-11.089
0.753,0.686,0.0677,132.055,-5.415
0.485,0.591,0.388,127.837,-12.236
0.489,0.208,0.653,81.489,-14.906
0.797,0.785,0.0712,105.072,-7.523
0.8,0.552,0.826,116.827,-11.539
0.56,0.68,0.555,89.391,-7.648
0.592,0.956,0.0617,115.941,-3.464
0.463,0.819,0.212,183.998,-7.662
0.715,0.703,0.192,119.749,-3.825
0.429,0.326,0.377,77.849,-12.703
0.652,0.645,0.0401,92.945,-8.482
0.507,0.752,0.0191,83.013,-4.431
0.666,0.488,0.589,147.255,-15.711
0.561,0.749,0.461,125.986,-4.951
0.557,0.909,0.00769,152.13,-3.405
0.674,0.473,0.0705,125.046,-7.193
0.472,0.695,0.444,97.571,-5.74
0.452,0.563,0.465,160.134,-10.361
0.795,0.596,0.103,101.985,-3.799
0.465,0.85,0.0304,156.111,-3.224
0.539,0.407,0.639,80.156,-13.017
0.662,0.873,0.0292,129.902,-3.116
0.921,0.364,0.226,125.993,-11.666
0.658,0.844,0.754,76.742,-7.374
0.806,0.425,0.525,117.913,-11.019
0.624,0.931,0.000899,119.887,-9.988
0.922,0.737,0.0368,114.261,-8.367
0.918,0.36,0.029,91.959,-9.952
0.622,0.627,0.119,105.937,-14.456
0.579,0.529,0.201,88.156,-11.548
0.333,0.62,0.021,138.463,-9.108
0.753,0.692,0.0512,95.15,-7.656
0.602,0.794,0.846,110.829,-7.551
0.487,0.72,0.219,86.008,-6.288
0.846,0.438,0.2,85.013,-4.981
0.761,0.511,0.0928,97.544,-14.845
0.889,0.645,0.03,119.79,-10.856
0.775,0.921,0.306,127.65,-3.517
0.408,0.355,0.85,58.382,-11.512
0.366,0.44,0.141,156.054,-11.73
0.774,0.85,0.0427,95.996,-5.07
0.709,0.669,0.333,128.049,-7.934
0.675,0.548,0.0529,128.837,-15.277
0.491,0.137,0.873,68.935,-17.192
0.758,0.49,0.00359,140.116,-9.877
0.424,0.657,0.727,155.56,-5.801
0.784,0.498,0.00248,143.96,-6.977
0.72,0.668,0.0652,123.007,-7.928
0.505,0.624,0.0235,139.849,-6.513
0.834,0.454,0.321,81.618,-9.75
0.355,0.986,0.0187,174.359,-6.238
0.324,0.519,0.78,47.94,-8.741
0.529,0.906,0.105,131.847,-6.116
0.502,0.322,0.744,114.861,-10.245
0.496,0.599,0.504,170.326,-6.639
0.958,0.364,0.07,119.666,-11.1
0.833,0.799,0.0337,111.273,-10.292
0.856,0.722,0.104,132.318,-7.631
0.88,0.881,0.00803,102.517,-5.143
0.78,0.534,0.233,121.17,-9.732
0.656,0.767,0.25,163.834,-3.038
0.664,0.658,0.273,100.912,-7.7
0.793,0.783,0.121,130.477,-9.462
0.536,0.527,0.622,121.297,-11.092
0.791,0.733,0.147,114.98,-5.215
0.461,0.834,0.0232,135.007,-4.868
0.783,0.596,0.235,127.576,-10.056
0.729,0.528,0.547,124.074,-10.412
0.41,0.468,0.298,177.508,-8.177
0.674,0.647,0.415,98.014,-10.672
0.692,0.613,0.0407,120.901,-10.735
0.8,0.759,0.655,129.979,-5.398
0.65,0.501,0.582,127.984,-6.905
0.574,0.995,0.0207,127.996,-3.456
0.441,0.815,0.000731,164.021,-4.088
0.56,0.463,0.742,75.073,-8.54
0.47,0.332,0.912,58.76,-9.848
0.758,0.867,0.152,102.018,-5.087
0.48,0.845,0.012,79.374,-4.127
0.319,0.453,0.723,81.871,-8.963
0.473,0.952,0.0342,152.007,-3.561
0.451,0.34,0.763,110.502,-7.466
0.746,0.946,0.141,103.179,-8.809
0.584,0.76,0.0205,104.101,-7.369
0.777,0.381,0.899,112.925,-7.798
0.716,0.541,0.0021,139.978,-7.909
0.532,0.825,0.18,169.961,-5.287
0.767,0.87,0.814,126.293,-6.756
0.448,0.435,0.00988,80.849,-8.102
0.611,0.478,0.035,172.076,-5.839
0.604,0.778,0.00726,100.155,-5.686
0.745,0.404,0.431,123.862,-14.016
0.882,0.57,0.0886,96.785,-7.565
0.758,0.646,0.356,128.031,-3.662
0.717,0.527,0.567,116.288,-10.779
0.706,0.516,0.354,94.716,-11.037
0.862,0.918,0.0287,124.811,-7.325
0.313,0.993,0.000119,129.255,-0.463
0.901,0.522,0.0114,104.053,-8.304
0.578,0.431,0.936,174.641,-6.984
0.721,0.431,0.244,119.76,-6.633
0.781,0.597,0.0415,158.043,-6.794
0.8,0.502,0.0308,123.041,-13.298
0.489,0.786,0.816,66.588,-5.172
0.464,0.321,0.877,93.528,-11.12
0.785,0.737,0.222,99.888,-6.445
0.407,0.647,0.384,88.061,-6.031
0.639,0.315,0.882,103.976,-12.518
0.446,0.79,0.163,198.108,-8.046
0.883,0.647,0.0633,101.649,-14.054
0.591,0.388,0.653,105.977,-8.069
0.551,0.289,0.334,132.132,-12.214
0.493,0.796,0.39,159.988,-3.971
0.337,0.823,0.371,172.498,-9.996
0.657,0.717,0.379,96.467,-10.583
0.783,0.42,0.0722,131.75,-11.05
0.61,0.891,0.000805,139.903,-5.452
0.808,0.751,0.614,115.754,-12.246
0.563,0.954,0.343,158.577,-3.133
0.344,0.365,0.801,100.79,-9.628
0.497,0.875,4.59e-05,98.171,-8.84
0.566,0.664,0.634,128.945,-5.303
0.859,0.761,0.0156,97.99,-5.504
0.514,0.711,0.0206,91.007,-5.774
0.586,0.674,0.00764,86.5,-5.69
0.735,0.733,0.444,120.811,-6.441
0.528,0.772,0.403,91.735,-7.013
0.541,0.948,0.0433,89.605,-4.863
0.559,0.855,0.0488,156.311,-5.077
0.503,0.238,0.801,180.917,-17.378
0.419,0.456,0.812,139.622,-11.132
0.73,0.433,0.0849,94.596,-7.05
0.622,0.808,0.00543,122.121,-4.701
0.674,0.31,0.293,155.656,-17.352
0.344,0.745,0.638,139.689,-7.902
0.704,0.72,0.108,129.571,-11.188
0.668,0.781,0.0191,105.945,-6.151
0.537,0.545,0.835,107.395,-6.741
0.567,0.851,0.216,159.225,-7.643
0.506,0.481,0.482,148.626,-6.098
0.525,0.931,0.00831,89.9,-5.593
0.517,0.89,0.005,118.009,-4.033
0.177,0.162,0.828,174.572,-15.821
0.544,0.659,0.427,109.933,-7.191
0.949,0.646,0.0705,121.007,-3.728
0.748,0.673,0.191,135.257,-8.45
0.551,0.756,0.000284,75.991,-7.679
0.674,0.506,0.173,145.965,-10.532
0.743,0.706,0.24,118.172,-8.495
0.555,0.797,0.168,152.87,-7.484
0.496,0.682,0.00552,167.06,-4.095
0.455,0.292,0.889,84.339,-6.792
0.466,0.879,0.688,98.888,-6.944
0.51,0.657,0.271,141.115,-9.116
0.418,0.387,0.53,101.179,-10.939
0.663,0.737,0.0162,125.956,-3.995
0.731,0.758,0.112,86.105,-8.322
0.346,0.0677,0.922,110.559,-15.864
0.759,0.763,0.09,109.351,-12.136
0.262,0.836,8e-06,160.555,-7.243
0.634,0.686,0.00368,104.676,-5.86
0.522,0.532,0.387,107.961,-8.476
0.726,0.517,0.289,112.942,-12.548
0.74,0.506,0.609,99.825,-8.521
0.526,0.71,0.000994,141.148,-10.89
0.281,0.418,0.625,106.518,-11.111
0.741,0.782,0.106,113.753,-6.705
0.562,0.939,0.046,116.044,-4.282
0.82,0.568,0.0256,152.279,-8.23
0.458,0.395,0.242,140.011,-7.313
0.794,0.611,0.0417,93.082,-4.515
0.443,0.901,0.000185,106.058,-5.202
0.583,0.578,0.217,79.088,-5.183
0.632,0.586,0.0983,114.243,-11.333
0.454,0.6,0.0368,83.364,-6.324
0.535,0.644,0.0329,154.062,-11.232
0.931,0.484,0.218,100.967,-7.735
0.577,0.703,0.286,115.003,-10.975
0.538,0.871,0.719,149.125,-6.154
0.729,0.862,0.0665,100.162,-8.937
0.345,0.531,0.00642,176.302,-12.708
0.562,0.423,8.12e-05,99.97,-16.572
0.567,0.556,0.124,145.111,-11.985
0.74,0.434,0.778,111.912,-5.714
0.598,0.282,0.282,134.706,-17.227
0.737,0.723,0.0864,148.113,-5.834
0.653,0.222,0.885,105.337,-14.616
0.752,0.921,0.0182,115.033,-4.321
0.584,0.834,0.000166,129.958,-5.872
0.52,0.489,0.607,142.066,-9.174
0.588,0.504,0.697,121.403,-10.708
0.327,0.309,0.848,84.045,-14.431
0.721,0.923,0.023,100.044,-3.986
0.449,0.395,0.722,110.501,-6.389
0.579,0.913,0.0159,192.062,-4.009
0.656,0.6,0.211,111.237,-7.818
0.684,0.659,0.216,111.393,-9.549
0.268,0.598,0.663,139.548,-8.308
0.564,0.244,0.758,78.076,-11.149
0.89,0.468,0.697,123.677,-9.645
0.456,0.968,0.00494,159.746,-4.916
0.607,0.82,0.0541,126.988,-7.754
0.68,0.504,0.209,126.811,-14.922
0.375,0.862,0.071,159.841,-3.363
0.693,0.813,0.0496,90.008,-4.361
0.592,0.743,0.0651,159.884,-8.18
0.522,0.34,0.595,114.321,-9.429
0.39,0.33,0.746,88.289,-14.015
0.626,0.542,0.818,75.368,-7.655
0.837,0.819,0.000507,149.918,-5.245
0.45,0.431,0.336,177.058,-12.378
0.856,0.694,0.124,139.876,-3.797
0.753,0.87,0.142,127.23,-10.007
0.524,0.886,0.00566,132.446,-9.154
0.555,0.94,0.432,86.336,-8.188
0.777,0.638,0.0527,108.077,-12.358
0.811,0.697,0.0834,89.88,-7.409
0.548,0.951,0.746,105.686,-7.583
0.544,0.138,0.892,82.186,-16.865
0.739,0.472,0.0145,80.03,-11.204
0.615,0.912,0.0323,105.538,-8.028
0.505,0.759,0.00112,128.63,-6.871
0.698,0.372,0.903,115.635,-11.599
0.414,0.112,0.951,130.113,-19.873
0.596,0.592,0.0468,77.027,-5.004
0.386,0.916,0.105,135.642,-5.955
0.657,0.932,0.0551,144.751,-5.819
0.814,0.667,0.0369,80.031,-4.785
0.737,0.86,0.11,93.989,-2.652
0.665,0.915,0.0227,120.126,-8.501
0.524,0.791,0.244,137.872,-4.696
0.647,0.964,0.00434,126.942,-4.225
0.511,0.845,0.0115,108.979,-6.832
0.327,0.535,0.0702,114.552,-9.011
0.49,0.801,0.407,206.257,-6.374
0.845,0.648,0.0386,113.086,-10.685
0.626,0.936,0.016,101.01,-3.86
0.617,0.914,0.00354,114.926,-5.2
0.614,0.789,0.0342,113.701,-10.241
0.281,0.823,0.0395,209.758,-5.044
0.628,0.366,0.539,99.069,-12.625
0.285,0.268,0.808,142.795,-14.084
0.377,0.591,0.0663,159.621,-12.715
0.596,0.921,0.0221,104.024,-4.987
0.644,0.362,0.709,100.55,-13.748
0.723,0.768,0.0889,109.651,-7.993
0.69,0.636,0.0203,96,-6.028
0.709,0.695,0.794,80.957,-8.652
0.612,0.84,0.0252,87.862,-5.342
0.564,0.444,0.15,128.731,-13.379
0.858,0.484,0.0241,99.992,-7.448
0.727,0.832,0.164,131.703,-5.851
0.415,0.917,0.081,122.137,-8.29
0.397,0.353,0.737,66.05,-7.457
0.974,0.503,0.0029,108.442,-6.06
0.594,0.38,0.273,92.004,-12.059
0.682,0.752,0.476,81.081,-9.521
0.652,0.741,0.0611,102.084,-12.071
0.737,0.869,0.481,126.628,-5.433
0.756,0.529,0.0539,119.573,-7.659
0.545,0.645,0.477,125.615,-8.376
0.606,0.457,0.713,92.033,-14.035
0.754,0.575,0.0977,180.389,-8.22
0.366,0.681,0.516,169.346,-8.468
0.78,0.755,0.0461,101.557,-5.604
0.317,0.434,0.657,102.33,-9.53
0.629,0.677,0.122,132.783,-7.239
0.307,0.43,0.288,145.224,-11.333
0.825,0.941,0.126,115.391,-5.072
0.757,0.554,0.211,124.061,-9.822
0.25,0.991,0.0389,158.905,-3.36
0.531,0.676,0.73,144.958,-9.942
0.525,0.433,0.158,96.453,-16.626
0.544,0.74,0.844,112,-9.63
0.36,0.578,0.0657,113.041,-4.887
0.656,0.899,0.0261,113.239,-5.039
0.747,0.568,0.475,121.615,-8.651
0.581,0.77,0.212,91.994,-5.901
0.432,0.202,0.908,100.082,-14.518
0.802,0.904,0.00108,128.931,-3.267
0.671,0.833,0.0825,79.351,-5.152
0.661,0.649,0.232,124.571,-15.516
0.681,0.527,0.327,141.782,-12.307
0.798,0.539,0.199,136.949,-6.351
0.5,0.731,0.0339,127.688,-11.961
0.854,0.714,0.0118,132,-7.342
0.628,0.603,0.178,120.782,-10.286
0.595,0.854,0.499,158.219,-10.044
0.829,0.737,0.174,124.806,-8.713
0.613,0.72,0.0232,115.91,-4.965
0.626,0.805,0.0126,116.03,-5.81
0.449,0.638,0.0274,82.017,-6.492
0.273,0.59,0.00254,174.863,-4.997
0.876,0.662,0.0608,75.445,-6.482
0.546,0.352,0.404,69.199,-12.066
0.418,0.466,0.0785,98.237,-10.204
0.723,0.508,0.187,108.838,-13.064
0.551,0.919,0.133,125.025,-3.895
0.467,0.531,0.644,172.753,-10.632
0.695,0.945,0.00341,125.013,-6.165
0.66,0.71,0.0106,97.988,-4.541
0.31,0.946,0.398,84.35,-7.118
0.577,0.953,0.0255,92.176,-6.416
0.709,0.61,0.317,125.189,-7.206
0.57,0.389,0.559,121.135,-14.206
0.348,0.977,0.000496,140.046,-2.113
0.837,0.364,0.149,123.984,-11.713
0.604,0.592,0.0108,127.905,-13.002
0.558,0.902,0.289,136.932,-6.801
0.809,0.691,0.103,95.008,-6.573
0.639,0.403,0.00285,119.128,-16.016
0.709,0.647,0.137,121.733,-9.579
0.94,0.74,0.0283,101.032,-4.163
0.771,0.898,0.0511,96.587,-4.749
0.612,0.588,0.251,104.723,-6.811
0.59,0.374,0.389,96.753,-13.498
0.68,0.755,0.244,128.779,-5.964
0.786,0.372,0.19,102.237,-17.765
0.686,0.264,0.876,97.604,-14.533
0.35,0.926,0.527,155.766,-6.512
0.417,0.56,0.0965,159.901,-10.844
0.56,0.867,0.000273,136.237,-4.801
0.609,0.826,0.00488,99.476,-10.574
0.506,0.176,0.802,76.273,-13.962
0.534,0.658,0.26,118.771,-10.035
0.78,0.869,0.0744,157.902,-7.255
0.58,0.705,0.182,126.474,-10.305
0.659,0.672,0.413,139.868,-7.442
0.824,0.82,0.0419,112.822,-6.678
0.665,0.535,0.468,122.126,-7.766
0.7,0.864,0.0212,102.997,-3.629
0.672,0.687,0.158,132.206,-11.597
0.813,0.62,0.49,95.274,-12.454
0.324,0.867,0.122,130.483,-6.765
0.653,0.816,0.228,178.086,-4.353
0.716,0.652,0.102,109.295,-7.909
0.91,0.444,0.022,149.953,-8.126
0.834,0.797,0.62,119.885,-6.695
0.438,0.591,0.143,133.932,-8.521
0.478,0.309,0.83,99.925,-13.356
0.333,0.662,0.313,83.416,-7.61
0.624,0.61,0.459,82.65,-9.186
0.839,0.804,0.0192,122.973,-2.513
0.704,0.57,0.0222,141.888,-7.136
0.869,0.725,0.0453,132.989,-12.507
0.805,0.601,0.119,94.382,-9.7
0.454,0.405,0.144,139.185,-12.189
0.617,0.197,0.777,91.209,-12.145
0.872,0.391,0.469,134.021,-9.144
0.528,0.446,0.582,175.979,-8.665
0.703,0.761,0.115,104.838,-10.136
0.62,0.698,0.0168,90.058,-4.38
0.656,0.88,0.184,114.613,-4.137
0.557,0.874,0.00134,139.002,-5.729
0.728,0.993,0.00569,128.626,-6.262
0.765,0.788,0.0166,126.879,-9.896
0.727,0.896,0.171,99.381,-3.522
0.527,0.978,0.00124,141.169,-5.436
0.786,0.61,0.379,130.036,-6.736
0.615,0.479,0.588,127.04,-8.429
0.583,0.804,0.149,182.559,-8.539
0.558,0.915,0.116,184.78,-8.501
0.8,0.663,0.048,91.934,-3.832
0.606,0.344,0.782,80.829,-9.944
0.669,0.675,0.337,160.911,-2.869
0.611,0.387,0.118,85.978,-7.949
0.754,0.368,0.456,88.062,-15.8
0.648,0.814,0.639,92.43,-8.044
0.51,0.273,0.599,117.965,-14.56
0.416,0.258,0.898,116.599,-8.489
0.739,0.814,0.00358,121.51,-10.442
0.648,0.382,0.62,143.749,-9.986
0.398,0.639,0.235,154.247,-3.517
0.457,0.846,0.0598,177.353,-8.547
0.7,0.669,0.141,118.325,-3.453
0.621,0.747,0.00227,172.31,-6.552
0.438,0.55,0.827,107.606,-6.846
0.565,0.308,0.919,82.761,-11.841
0.504,0.594,0.132,128.693,-11.258
0.687,0.603,0.0742,94.715,-9.09
0.418,0.294,0.488,108.613,-14.145
0.659,0.852,0.584,97.963,-6.842
0.495,0.894,0.03,141.036,-4.07
0.66,0.695,0.0466,129.972,-6.896
0.754,0.442,0.324,118.641,-15.178
0.311,0.0851,0.898,169.994,-12.232
0.543,0.73,0.00631,150.187,-6.086
0.482,0.0766,0.893,75.722,-20.634
0.234,0.693,2.82e-05,106.933,-8.277
0.599,0.543,0.0129,91.105,-9.226
0.529,0.547,0.705,141.42,-10.475
0.552,0.562,0.0216,135.014,-6.862
0.585,0.571,0.197,126.836,-8.342
0.518,0.549,0.202,106.51,-9.723
0.632,0.641,0.153,161.373,-6.906
0.81,0.526,0.431,95.23,-9.627
0.599,0.733,0.327,147.305,-6.182
0.594,0.276,0.309,106.37,-10.726
0.323,0.666,0.31,176.455,-5.925
0.553,0.328,0.643,103.472,-10.797
0.939,0.501,0.0297,120.045,-5.476
0.585,0.412,0.387,124.688,-10.909
0.707,0.53,0.00535,121.98,-12.313
0.551,0.773,0.0673,90.003,-6.578
0.625,0.683,0.0955,95.628,-12.494
0.787,0.616,0.237,115.884,-14.243
0.484,0.322,0.446,142.379,-17.362
0.943,0.685,0.000507,125.515,-11.903
0.568,0.512,0.822,177.144,-12.223
0.41,0.5,0.397,82.784,-10.876
0.475,0.535,0.205,99.593,-11.719
0.701,0.781,0.0908,86.006,-8.493
0.865,0.896,0.27,111.457,-7.031
0.667,0.699,0.42,118.567,-7.574
0.717,0.797,0.000743,112.129,-5.678
0.796,0.646,0.0496,127.943,-5.596
0.502,0.484,0.0206,113.338,-14.219
0.679,0.672,0.0481,103.445,-7.006
0.682,0.585,0.456,125.553,-15.031
0.639,0.23,0.745,133.493,-12.466
0.788,0.785,0.337,109.113,-9.406
0.735,0.457,0.63,129.488,-12.052
0.444,0.634,0.0212,122.787,-9.281
0.561,0.203,0.654,131.348,-11.931
0.616,0.731,0.417,91.444,-7.282
0.513,0.827,0.0287,115.029,-3.958
0.541,0.366,0.938,94.809,-9.19
0.803,0.725,0.462,109.7,-4.726
0.893,0.646,0.112,132.97,-5.073
0.856,0.695,7.47e-05,125.107,-10.643
0.54,0.743,0.642,118.216,-9.784
0.608,0.821,0.0752,128.042,-4.985
0.522,0.523,0.183,82.408,-9.325
0.458,0.909,0.0567,118.227,-6.553
0.87,0.618,0.0057,98.93,-8.694
0.748,0.788,0.0591,120.076,-7.055
0.636,0.647,0.247,158.073,-6.971
0.887,0.576,0.0154,93.707,-15.075
0.522,0.751,0.000491,139.51,-5.46
0.706,0.912,0.0195,128.004,-4.44
0.569,0.759,0.124,90.974,-11.291
0.4,0.754,0.0186,160.031,-3.899
0.767,0.873,0.195,107.533,-9.562
0.387,0.214,0.892,84.899,-14.388
0.585,0.494,0.363,133.822,-8.751
0.459,0.772,0.736,93.24,-10.642
0.497,0.285,0.643,154.7,-14.537
0.673,0.569,0.245,122.432,-13.137
0.693,0.533,0.0859,120.718,-13.902
0.838,0.526,0.302,93.726,-13.079
0.551,0.805,0.101,112.082,-9.16
0.413,0.628,0.739,87.096,-4.441
0.634,0.856,0.000812,88.05,-4.064
0.699,0.604,0.0185,114.226,-13.404
0.631,0.843,0.00708,144.311,-7.489
0.708,0.663,0.0485,103.466,-12.344
0.763,0.631,0.688,111.953,-7.917
0.658,0.595,0.133,103.975,-8.704
0.334,0.617,0.334,85.227,-5.834
0.694,0.671,0.0371,83.999,-4.088
0.528,0.932,0.163,124.144,-4.545
0.813,0.78,0.0581,108.982,-4.899
0.587,0.72,0.179,99.916,-7.746
0.609,0.771,0.00255,101.893,-5.648
0.574,0.911,0.000618,98.075,-5.176
0.464,0.233,0.84,176.22,-14.399
0.731,0.813,0.00439,130.028,-7.366
0.838,0.401,0.111,93.49,-9.808
0.596,0.838,0.0189,94.982,-6.52
0.815,0.806,0.0786,121.006,-4.246
0.543,0.343,0.875,91.049,-11.862
0.524,0.885,0.00246,95.05,-5.105
0.468,0.693,0.909,84.762,-7.059
0.866,0.391,0.197,126.434,-7.632
0.725,0.65,0.326,125.032,-10.414
0.647,0.482,0.0764,94.077,-10.712
0.53,0.651,0.44,171.659,-9.386
0.517,0.827,0.102,76.968,-3.665
0.316,0.514,0.178,185.882,-7.048
0.555,0.686,0.407,80.057,-4.883
0.729,0.877,0.00462,117.853,-5.9
0.699,0.713,0.04,121.993,-5.507
0.749,0.463,0.208,90.028,-8.433
0.808,0.545,0.529,109.96,-5.728
0.228,0.046,0.812,90.57,-22.602
0.518,0.846,0.0216,158.74,-3.313
0.498,0.534,0.755,120.935,-8.346
0.344,0.745,0.197,172.124,-6.901
0.853,0.709,0.00276,170.044,-5.607
0.49,0.819,0.732,202.277,-7.08
0.547,0.614,0.654,81.686,-8.264
0.741,0.795,0.256,132.727,-12.885
0.455,0.623,0.0739,163.893,-3.878
0.382,0.547,0.703,107.895,-8.873
0.677,0.574,0.091,104.118,-11.714
0.588,0.568,0.16,106.938,-9.766
0.406,0.482,0.00546,119.827,-13.429
0.575,0.423,0.782,113.817,-12.768
0.554,0.978,0.111,135.095,-3.554
0.585,0.875,0.497,99.13,-6.243
0.518,0.727,0.186,96.26,-9.902
0.855,0.747,0.0276,98.018,-2.713
0.582,0.568,0.196,76.025,-6.051
0.491,0.957,0.00853,158.067,-3.67
0.709,0.698,0.385,110.721,-9.249
0.689,0.677,0.0704,153.919,-6.36
0.648,0.766,0.232,128.798,-8.514
0.582,0.829,0.000517,130.969,-5.688
0.467,0.272,0.537,67.024,-13.337
0.521,0.349,0.272,131.76,-15.392
0.473,0.305,0.873,98.374,-15.998
0.568,0.634,0.494,142.686,-12.336
0.534,0.853,0.795,134.46,-3.747
0.419,0.875,0.0124,140.783,-6.584
0.789,0.683,0.48,92.311,-8.835
0.455,0.713,0.23,169.633,-10.959
0.564,0.932,0.013,112.937,-10.068
0.715,0.584,0.432,90.987,-8.231
0.587,0.34,0.834,90.523,-9.387
0.501,0.376,0.462,136.871,-10.617
0.793,0.554,0.00695,119.993,-6.624
0.746,0.713,0.118,118.964,-11.996
0.713,0.523,0.817,127.254,-9.446
0.652,0.748,0.0849,94.1,-5.242
0.863,0.68,0.0457,130.092,-6.018
0.441,0.592,0.624,88.076,-8.139
0.733,0.797,0.0561,128.858,-9.203
0.736,0.795,0.498,104.066,-3.299
0.779,0.707,0.0991,140.894,-6.527
0.613,0.764,0.0527,160.015,-6.509
0.5,0.9,0.205,162.249,-3.577
0.386,0.802,0.101,163.907,-2.468
0.527,0.942,0.354,127.744,-3.801
0.582,0.657,0.619,79.208,-7.11
0.539,0.728,0.729,102.929,-7.727
0.659,0.342,0.777,112.878,-13.709
0.419,0.348,0.508,133.957,-13.032
0.499,0.308,0.754,75.91,-11.692
0.763,0.488,0.602,113.258,-13.709
0.541,0.703,0.0218,94.858,-5.573
0.889,0.609,0.00654,90.535,-6.438
0.815,0.646,0.118,108.392,-9.784
0.747,0.524,0.0306,140.053,-6.807
0.474,0.113,0.952,118.521,-16.277
0.702,0.735,0.243,105.177,-10.458
0.597,0.627,0.718,120.991,-8.57
0.819,0.612,0.177,98.424,-12.772
0.391,0.131,0.814,80.982,-13.729
0.648,0.516,0.00179,89.828,-8.869
0.644,0.591,0.668,149.136,-9.177
0.348,0.87,0.171,83.392,-5.86
0.472,0.4,0.698,115.822,-10.145
0.513,0.8,0.00751,120.976,-9.556
0.673,0.581,0.223,130.771,-10.205
0.865,0.778,0.0411,103.008,-10.05
0.596,0.901,0.0362,137.359,-7.373
0.78,0.492,0.304,98.046,-8.431
0.701,0.931,0.239,79.996,-0.945
0.742,0.422,0.559,134.624,-6.797
0.606,0.527,0.102,122.489,-15.238
0.72,0.478,0.115,97.073,-11.074
0.582,0.821,0.00754,100.025,-4.861
0.358,0.847,0.003,181.987,-3.5
0.585,0.789,0.00143,120.953,-2.834
0.36,0.881,0.0113,84.861,-6.815
0.405,0.689,0.0843,155.189,-5.75
0.547,0.636,0.0582,114.061,-10.948
0.597,0.66,0.132,136.283,-10.812
0.513,0.904,0.0181,104.767,-3.524
0.668,0.889,0.344,133.509,-10.809
0.806,0.45,0.179,132.016,-11.623
0.599,0.854,0.0746,119.986,-5.429
0.331,0.833,0.0115,72.369,-6.204
0.502,0.488,0.3,89.279,-12.265
0.503,0.748,0.0305,125.896,-4.124
0.731,0.538,0.0704,123.789,-11.013
0.604,0.517,0.797,137.11,-18.515
0.461,0.461,0.643,148.095,-11.004
0.768,0.881,0.0188,99.98,-4.392
0.802,0.837,0.12,124.951,-6.269
0.746,0.873,0.0244,148.075,-3.803
0.511,0.827,3.77e-05,121.459,-4.55
0.863,0.726,0.415,132.574,-6.649
0.714,0.858,0.288,76.676,-7.195
0.817,0.7,0.0412,128.006,-8.328
0.773,0.675,0.324,126.866,-8.697
0.612,0.807,0.0961,79.999,-4.14
0.441,0.402,0.713,66.781,-9.816
0.878,0.535,0.114,102.495,-10.128
0.517,0.246,0.788,105.24,-11.992
0.594,0.543,0.448,147.956,-10.095
0.798,0.662,0.00453,122.842,-9.045
0.543,0.384,0.242,128.768,-15.018
0.56,0.522,0.589,69.276,-11.518
0.46,0.395,0.849,176.21,-8.479
0.628,0.667,0.163,160.01,-6.282
0.874,0.552,0.000786,147.043,-7.951
0.78,0.481,0.249,116.17,-13.179
0.63,0.877,0.0659,114.033,-3.609
0.754,0.78,0.0038,120.143,-5.801
0.244,0.346,0.813,185.453,-8.741
0.409,0.406,0.823,147.585,-10.826
0.626,0.907,0.0851,148.704,-7.488
0.653,0.649,0.694,131.133,-9.534
0.609,0.818,0.114,78.955,-4.62
0.787,0.623,0.689,128.327,-8.241
0.62,0.903,0.18,130.992,-5.045
0.743,0.733,0.00402,104.977,-5.337
0.481,0.521,0.0494,118.762,-13.779
0.555,0.534,0.508,145.304,-8.547
0.831,0.921,0.153,108.002,-2.383
0.608,0.37,0.685,95.472,-14.309
0.408,0.494,0.267,161.698,-8.291
0.661,0.493,0.217,95.021,-8.485
0.603,0.463,0.354,129.773,-12.578
0.499,0.73,0.064,121.507,-8.687
0.625,0.475,0.447,99.649,-9.514
0.669,0.801,0.00359,122.012,-7.996
0.61,0.837,0.271,121.994,-5.686
0.903,0.714,0.0109,130.669,-12.426
0.433,0.785,0.00726,136.484,-13.527
0.499,0.594,0.00866,78.995,-6.328
0.646,0.635,0.00657,126.062,-7.322
0.751,0.708,0.0481,108.97,-5.645
0.578,0.855,0.0388,126.264,-8.057
0.531,0.648,0.649,116.572,-10.648
0.72,0.455,0.914,114.433,-11.189
0.475,0.375,0.468,140.277,-12.023
0.45,0.756,0.289,138.371,-13.32
0.876,0.63,0.0841,131.033,-4.992
0.712,0.757,0.63,117.367,-6.449
0.774,0.527,0.629,96.174,-12.064
0.602,0.81,0.0141,156.325,-4.653
0.432,0.738,0.042,153.712,-3.91
0.68,0.51,0.113,98.548,-11.658
0.663,0.693,0.0379,120.026,-5.776
0.717,0.638,0.108,110.35,-12.419
0.726,0.625,0.0773,96.982,-9.346
0.587,0.607,0.671,94.45,-7.797
0.48,0.405,0.497,152.646,-10.528
0.828,0.498,0.644,89.062,-13.101
0.897,0.431,0.00206,115.552,-12.234
0.673,0.888,0.261,110.772,-7.056
0.667,0.412,0.817,83.816,-7.544
0.814,0.481,0.097,96.252,-5.183
0.748,0.551,0.235,103.953,-6.12
0.897,0.662,0.0852,112.511,-6.903
0.467,0.471,0.572,132.164,-13.761
0.629,0.364,0.468,166.254,-12.259
0.626,0.624,0.383,133.732,-11.901
0.742,0.739,0.219,103.883,-5.797
0.695,0.818,0.00647,119.965,-5.379
0.27,0.528,0.036,159.24,-7.192
0.815,0.626,0.504,106.47,-13.406
0.603,0.694,0.0225,134.8,-4.853
0.534,0.87,0.000329,126.019,-3.078
0.62,0.446,0.589,88.591,-14.451
0.6,0.807,0.149,94.597,-3.845
0.6,0.51,0.714,130.219,-7.813
0.586,0.545,0.313,106.343,-9.712
0.762,0.748,0.0266,110.009,-4.15
